[
    {
        "code": "01",
        "name": "Ain",
        "region": "Auvergne-Rhône-Alpes",
        "aide_locale": "MDPH 01"
    },
    {
        "code": "02",
        "name": "Aisne",
        "region": "Hauts-de-France",
        "aide_locale": "Conseil Départemental de l'Aisne"
    },
    {
        "code": "03",
        "name": "Allier",
        "region": "Auvergne-Rhône-Alpes",
        "aide_locale": "MDPH 03"
    },
    {
        "code": "04",
        "name": "Alpes-de-Haute-Provence",
        "region": "Provence-Alpes-Côte d'Azur",
        "aide_locale": "Solidarité 04"
    },
    {
        "code": "05",
        "name": "Hautes-Alpes",
        "region": "Provence-Alpes-Côte d'Azur",
        "aide_locale": "MDPH 05"
    },
    {
        "code": "06",
        "name": "Alpes-Maritimes",
        "region": "Provence-Alpes-Côte d'Azur",
        "aide_locale": "MDA 06"
    },
    {
        "code": "07",
        "name": "Ardèche",
        "region": "Auvergne-Rhône-Alpes",
        "aide_locale": "DA 07"
    },
    {
        "code": "08",
        "name": "Ardennes",
        "region": "Grand Est",
        "aide_locale": "CD 08"
    },
    {
        "code": "09",
        "name": "Ariège",
        "region": "Occitanie",
        "aide_locale": "Solidarité 09"
    },
    {
        "code": "10",
        "name": "Aube",
        "region": "Grand Est",
        "aide_locale": "MDPH 10"
    },
    {
        "code": "11",
        "name": "Aude",
        "region": "Occitanie",
        "aide_locale": "MDA 11"
    },
    {
        "code": "12",
        "name": "Aveyron",
        "region": "Occitanie",
        "aide_locale": "MDPH 12"
    },
    {
        "code": "13",
        "name": "Bouches-du-Rhône",
        "region": "Provence-Alpes-Côte d'Azur",
        "aide_locale": "MDA 13"
    },
    {
        "code": "14",
        "name": "Calvados",
        "region": "Normandie",
        "aide_locale": "Autonomie 14"
    },
    {
        "code": "15",
        "name": "Cantal",
        "region": "Auvergne-Rhône-Alpes",
        "aide_locale": "Solidarité 15"
    },
    {
        "code": "16",
        "name": "Charente",
        "region": "Nouvelle-Aquitaine",
        "aide_locale": "MDPH 16"
    },
    {
        "code": "17",
        "name": "Charente-Maritime",
        "region": "Nouvelle-Aquitaine",
        "aide_locale": "MDPH 17"
    },
    {
        "code": "18",
        "name": "Cher",
        "region": "Centre-Val de Loire",
        "aide_locale": "MDA 18"
    },
    {
        "code": "19",
        "name": "Corrèze",
        "region": "Nouvelle-Aquitaine",
        "aide_locale": "MDPH 19"
    },
    {
        "code": "2A",
        "name": "Corse-du-Sud",
        "region": "Corse",
        "aide_locale": "MDPH 2A"
    },
    {
        "code": "2B",
        "name": "Haute-Corse",
        "region": "Corse",
        "aide_locale": "MDPH 2B"
    },
    {
        "code": "21",
        "name": "Côte-d'Or",
        "region": "Bourgogne-Franche-Comté",
        "aide_locale": "CD 21"
    },
    {
        "code": "22",
        "name": "Côtes-d'Armor",
        "region": "Bretagne",
        "aide_locale": "MDPH 22"
    },
    {
        "code": "23",
        "name": "Creuse",
        "region": "Nouvelle-Aquitaine",
        "aide_locale": "MDPH 23"
    },
    {
        "code": "24",
        "name": "Dordogne",
        "region": "Nouvelle-Aquitaine",
        "aide_locale": "Solidarité 24"
    },
    {
        "code": "25",
        "name": "Doubs",
        "region": "Bourgogne-Franche-Comté",
        "aide_locale": "MDPH 25"
    },
    {
        "code": "26",
        "name": "Drôme",
        "region": "Auvergne-Rhône-Alpes",
        "aide_locale": "MDPH 26"
    },
    {
        "code": "27",
        "name": "Eure",
        "region": "Normandie",
        "aide_locale": "Solidarité 27"
    },
    {
        "code": "28",
        "name": "Eure-et-Loir",
        "region": "Centre-Val de Loire",
        "aide_locale": "MDA 28"
    },
    {
        "code": "29",
        "name": "Finistère",
        "region": "Bretagne",
        "aide_locale": "MDPH 29"
    },
    {
        "code": "30",
        "name": "Gard",
        "region": "Occitanie",
        "aide_locale": "MDPH 30"
    },
    {
        "code": "31",
        "name": "Haute-Garonne",
        "region": "Occitanie",
        "aide_locale": "MDPH 31"
    },
    {
        "code": "32",
        "name": "Gers",
        "region": "Occitanie",
        "aide_locale": "Solidarité 32"
    },
    {
        "code": "33",
        "name": "Gironde",
        "region": "Nouvelle-Aquitaine",
        "aide_locale": "MDPH 33"
    },
    {
        "code": "34",
        "name": "Hérault",
        "region": "Occitanie",
        "aide_locale": "MDA 34"
    },
    {
        "code": "35",
        "name": "Ille-et-Vilaine",
        "region": "Bretagne",
        "aide_locale": "MDPH 35"
    },
    {
        "code": "36",
        "name": "Indre",
        "region": "Centre-Val de Loire",
        "aide_locale": "Solidarité 36"
    },
    {
        "code": "37",
        "name": "Indre-et-Loire",
        "region": "Centre-Val de Loire",
        "aide_locale": "MDPH 37"
    },
    {
        "code": "38",
        "name": "Isère",
        "region": "Auvergne-Rhône-Alpes",
        "aide_locale": "MDA 38"
    },
    {
        "code": "39",
        "name": "Jura",
        "region": "Bourgogne-Franche-Comté",
        "aide_locale": "MDPH 39"
    },
    {
        "code": "40",
        "name": "Landes",
        "region": "Nouvelle-Aquitaine",
        "aide_locale": "Solidarité 40"
    },
    {
        "code": "41",
        "name": "Loir-et-Cher",
        "region": "Centre-Val de Loire",
        "aide_locale": "MDA 41"
    },
    {
        "code": "42",
        "name": "Loire",
        "region": "Auvergne-Rhône-Alpes",
        "aide_locale": "MDPH 42"
    },
    {
        "code": "43",
        "name": "Haute-Loire",
        "region": "Auvergne-Rhône-Alpes",
        "aide_locale": "Solidarité 43"
    },
    {
        "code": "44",
        "name": "Loire-Atlantique",
        "region": "Pays de la Loire",
        "aide_locale": "MDPH 44"
    },
    {
        "code": "45",
        "name": "Loiret",
        "region": "Centre-Val de Loire",
        "aide_locale": "MDPH 45"
    },
    {
        "code": "46",
        "name": "Lot",
        "region": "Occitanie",
        "aide_locale": "Solidarité 46"
    },
    {
        "code": "47",
        "name": "Lot-et-Garonne",
        "region": "Nouvelle-Aquitaine",
        "aide_locale": "MDPH 47"
    },
    {
        "code": "48",
        "name": "Lozère",
        "region": "Occitanie",
        "aide_locale": "Solidarité 48"
    },
    {
        "code": "49",
        "name": "Maine-et-Loire",
        "region": "Pays de la Loire",
        "aide_locale": "MDA 49"
    },
    {
        "code": "50",
        "name": "Manche",
        "region": "Normandie",
        "aide_locale": "MDPH 50"
    },
    {
        "code": "51",
        "name": "Marne",
        "region": "Grand Est",
        "aide_locale": "MDPH 51"
    },
    {
        "code": "52",
        "name": "Haute-Marne",
        "region": "Grand Est",
        "aide_locale": "Solidarité 52"
    },
    {
        "code": "53",
        "name": "Mayenne",
        "region": "Pays de la Loire",
        "aide_locale": "MDA 53"
    },
    {
        "code": "54",
        "name": "Meurthe-et-Moselle",
        "region": "Grand Est",
        "aide_locale": "MDPH 54"
    },
    {
        "code": "55",
        "name": "Meuse",
        "region": "Grand Est",
        "aide_locale": "Solidarité 55"
    },
    {
        "code": "56",
        "name": "Morbihan",
        "region": "Bretagne",
        "aide_locale": "MDPH 56"
    },
    {
        "code": "57",
        "name": "Moselle",
        "region": "Grand Est",
        "aide_locale": "MDPH 57"
    },
    {
        "code": "58",
        "name": "Nièvre",
        "region": "Bourgogne-Franche-Comté",
        "aide_locale": "Solidarité 58"
    },
    {
        "code": "59",
        "name": "Nord",
        "region": "Hauts-de-France",
        "aide_locale": "MDPH 59"
    },
    {
        "code": "60",
        "name": "Oise",
        "region": "Hauts-de-France",
        "aide_locale": "MDPH 60"
    },
    {
        "code": "61",
        "name": "Orne",
        "region": "Normandie",
        "aide_locale": "Solidarité 61"
    },
    {
        "code": "62",
        "name": "Pas-de-Calais",
        "region": "Hauts-de-France",
        "aide_locale": "MDPH 62"
    },
    {
        "code": "63",
        "name": "Puy-de-Dôme",
        "region": "Auvergne-Rhône-Alpes",
        "aide_locale": "MDPH 63"
    },
    {
        "code": "64",
        "name": "Pyrénées-Atlantiques",
        "region": "Nouvelle-Aquitaine",
        "aide_locale": "Solidarité 64"
    },
    {
        "code": "65",
        "name": "Hautes-Pyrénées",
        "region": "Occitanie",
        "aide_locale": "MDPH 65"
    },
    {
        "code": "66",
        "name": "Pyrénées-Orientales",
        "region": "Occitanie",
        "aide_locale": "MDPH 66"
    },
    {
        "code": "67",
        "name": "Bas-Rhin",
        "region": "Grand Est",
        "aide_locale": "MDPH 67"
    },
    {
        "code": "68",
        "name": "Haut-Rhin",
        "region": "Grand Est",
        "aide_locale": "MDPH 68"
    },
    {
        "code": "69",
        "name": "Rhône",
        "region": "Auvergne-Rhône-Alpes",
        "aide_locale": "MDPH 69"
    },
    {
        "code": "70",
        "name": "Haute-Saône",
        "region": "Bourgogne-Franche-Comté",
        "aide_locale": "MDPH 70"
    },
    {
        "code": "71",
        "name": "Saône-et-Loire",
        "region": "Bourgogne-Franche-Comté",
        "aide_locale": "Solidarité 71"
    },
    {
        "code": "72",
        "name": "Sarthe",
        "region": "Pays de la Loire",
        "aide_locale": "MDPH 72"
    },
    {
        "code": "73",
        "name": "Savoie",
        "region": "Auvergne-Rhône-Alpes",
        "aide_locale": "MDPH 73"
    },
    {
        "code": "74",
        "name": "Haute-Savoie",
        "region": "Auvergne-Rhône-Alpes",
        "aide_locale": "MDPH 74"
    },
    {
        "code": "75",
        "name": "Paris",
        "region": "Île-de-France",
        "aide_locale": "MDPH 75"
    },
    {
        "code": "76",
        "name": "Seine-Maritime",
        "region": "Normandie",
        "aide_locale": "Solidarité 76"
    },
    {
        "code": "77",
        "name": "Seine-et-Marne",
        "region": "Île-de-France",
        "aide_locale": "MDPH 77"
    },
    {
        "code": "78",
        "name": "Yvelines",
        "region": "Île-de-France",
        "aide_locale": "MDPH 78"
    },
    {
        "code": "79",
        "name": "Deux-Sèvres",
        "region": "Nouvelle-Aquitaine",
        "aide_locale": "Solidarité 79"
    },
    {
        "code": "80",
        "name": "Somme",
        "region": "Hauts-de-France",
        "aide_locale": "MDPH 80"
    },
    {
        "code": "81",
        "name": "Tarn",
        "region": "Occitanie",
        "aide_locale": "MDPH 81"
    },
    {
        "code": "82",
        "name": "Tarn-et-Garonne",
        "region": "Occitanie",
        "aide_locale": "Solidarité 82"
    },
    {
        "code": "83",
        "name": "Var",
        "region": "Provence-Alpes-Côte d'Azur",
        "aide_locale": "MDPH 83"
    },
    {
        "code": "84",
        "name": "Vaucluse",
        "region": "Provence-Alpes-Côte d'Azur",
        "aide_locale": "MDPH 84"
    },
    {
        "code": "85",
        "name": "Vendée",
        "region": "Pays de la Loire",
        "aide_locale": "MDPH 85"
    },
    {
        "code": "86",
        "name": "Vienne",
        "region": "Nouvelle-Aquitaine",
        "aide_locale": "Solidarité 86"
    },
    {
        "code": "87",
        "name": "Haute-Vienne",
        "region": "Nouvelle-Aquitaine",
        "aide_locale": "MDPH 87"
    },
    {
        "code": "88",
        "name": "Vosges",
        "region": "Grand Est",
        "aide_locale": "MDPH 88"
    },
    {
        "code": "89",
        "name": "Yonne",
        "region": "Bourgogne-Franche-Comté",
        "aide_locale": "MDPH 89"
    },
    {
        "code": "90",
        "name": "Territoire de Belfort",
        "region": "Bourgogne-Franche-Comté",
        "aide_locale": "MDPH 90"
    },
    {
        "code": "91",
        "name": "Essonne",
        "region": "Île-de-France",
        "aide_locale": "MDPH 91"
    },
    {
        "code": "92",
        "name": "Hauts-de-Seine",
        "region": "Île-de-France",
        "aide_locale": "MDPH 92"
    },
    {
        "code": "93",
        "name": "Seine-Saint-Denis",
        "region": "Île-de-France",
        "aide_locale": "MDPH 93"
    },
    {
        "code": "94",
        "name": "Val-de-Marne",
        "region": "Île-de-France",
        "aide_locale": "MDPH 94"
    },
    {
        "code": "95",
        "name": "Val-d'Oise",
        "region": "Île-de-France",
        "aide_locale": "MDPH 95"
    }
]